uid,artifact_iid,held_secs
4,ANCIENT_RELIQUE,37426.54480099678
7,LOST_ALMANAC,144176.75110435486
58,ANCIENT_RELIQUE,167579.0986406803
13,LOST_ALMANAC,14330.81994009018
28,AWE_INSPIRING_GRAIL,120607.08123397827
4,LOST_ALMANAC,38447.12601804733
25,AWE_INSPIRING_GRAIL,20767.11401605606
